0,326188087463;5,16690731049;1,8387556076
0,331275939941;5,16690731049;1,8387556076
0,336364746094;5,16181945801;1,83366584778
0,321100234985;5,16690731049;1,83366584778
0,331275939941;5,16690731049;1,8387556076
0,336364746094;5,16690731049;1,8387556076
0,321100234985;5,16690731049;1,83366584778
0,326188087463;5,16181945801;1,83366584778
0,326188087463;5,16690731049;1,83366584778
0,331275939941;5,16181945801;1,83366584778
0,331275939941;5,16690731049;1,83366584778
0,326188087463;5,16690731049;1,83366584778
0,331275939941;5,16181945801;1,83366584778
0,326188087463;5,16690731049;1,8387556076
0,331275939941;5,16181945801;1,83366584778
0,326188087463;5,17199516296;1,83366584778
0,331275939941;5,16181945801;1,83366584778
0,331275939941;5,16690731049;1,83366584778
0,331275939941;5,16690731049;1,8387556076
0,326188087463;5,16181945801;1,8387556076
0,331275939941;5,16181945801;1,83366584778
0,316012382507;5,16181945801;1,83366584778
0,331275939941;5,16181945801;1,83366584778
0,326188087463;5,16690731049;1,8387556076
0,326188087463;5,16181945801;1,8387556076
0,331275939941;5,16690731049;1,8387556076
0,326188087463;5,16181945801;1,83366584778
0,331275939941;5,16690731049;1,83366584778
0,326188087463;5,16690731049;1,83366584778
0,331275939941;5,16181945801;1,83366584778
0,326188087463;5,16181945801;1,83366584778
0,326188087463;5,16690731049;1,8387556076
0,331275939941;5,16181945801;1,83366584778
0,326188087463;5,16690731049;1,8387556076
0,331275939941;5,16181945801;1,8387556076
0,326188087463;5,16181945801;1,83366584778
0,331275939941;5,16181945801;1,8387556076
0,326188087463;5,16181945801;1,83366584778
0,321100234985;5,16181945801;1,83366584778
0,326188087463;5,16181945801;1,83366584778
0,326188087463;5,16181945801;1,8387556076
0,326188087463;5,16690731049;1,83366584778
0,321100234985;5,16690731049;1,8387556076
0,331275939941;5,16181945801;1,83366584778
0,326188087463;5,16181945801;1,83366584778
0,326188087463;5,16181945801;1,8387556076
0,326188087463;5,15673160553;1,83366584778
0,326188087463;5,16181945801;1,83366584778
0,326188087463;5,16181945801;1,8387556076
0,326188087463;5,16181945801;1,8387556076
0,321100234985;5,16181945801;1,83366584778
0,326188087463;5,16181945801;1,8387556076
0,326188087463;5,16181945801;1,83366584778
0,326188087463;5,16181945801;1,83366584778
0,331275939941;5,16690731049;1,83366584778
0,321100234985;5,16690731049;1,83366584778
0,331275939941;5,16690731049;1,83366584778
0,326188087463;5,16181945801;1,83366584778
0,331275939941;5,16181945801;1,8387556076
0,326188087463;5,16690731049;1,8387556076
0,326188087463;5,16181945801;1,83366584778
0,331275939941;5,16690731049;1,83366584778
0,326188087463;5,16690731049;1,83366584778
0,326188087463;5,16690731049;1,83366584778
0,326188087463;5,16181945801;1,8387556076
0,326188087463;5,16181945801;1,83366584778
0,331275939941;5,16690731049;1,8387556076
0,326188087463;5,16690731049;1,83366584778
0,326188087463;5,16181945801;1,83366584778
0,326188087463;5,16690731049;1,83366584778
0,331275939941;5,16690731049;1,8387556076
0,326188087463;5,16181945801;1,8387556076
0,331275939941;5,16181945801;1,83366584778
0,326188087463;5,16181945801;1,83366584778
0,331275939941;5,16690731049;1,8387556076
0,326188087463;5,16690731049;1,83366584778
0,326188087463;5,16181945801;1,83366584778
0,326188087463;5,16181945801;1,8387556076
0,326188087463;5,16181945801;1,83366584778
0,331275939941;5,17199516296;1,83366584778
0,326188087463;5,16690731049;1,83366584778
0,331275939941;5,16690731049;1,83366584778
0,326188087463;5,16181945801;1,83366584778
0,326188087463;5,16181945801;1,83366584778
0,326188087463;5,16181945801;1,83366584778
0,321100234985;5,16181945801;1,8387556076
0,331275939941;5,16690731049;1,8387556076
0,321100234985;5,16181945801;1,83366584778
0,326188087463;5,16181945801;1,83366584778
0,326188087463;5,16690731049;1,83366584778
0,331275939941;5,16690731049;1,8387556076
0,326188087463;5,16690731049;1,83366584778
0,331275939941;5,16690731049;1,8387556076
0,321100234985;5,16690731049;1,83366584778
0,336364746094;5,16181945801;1,83366584778
0,321100234985;5,16690731049;1,83366584778
0,331275939941;5,16181945801;1,83366584778
0,321100234985;5,16181945801;1,8387556076
0,326188087463;5,16181945801;1,83366584778
0,326188087463;5,16690731049;1,8387556076
0,326188087463;5,16181945801;1,8387556076
0,326188087463;5,16690731049;1,83366584778
0,331275939941;5,15673160553;1,8387556076
0,326188087463;5,16181945801;1,8387556076
0,331275939941;5,16690731049;1,8387556076
0,326188087463;5,16181945801;1,83366584778
0,326188087463;5,16181945801;1,83366584778
0,326188087463;5,16690731049;1,8387556076
0,326188087463;5,16690731049;1,83366584778
0,331275939941;5,15673160553;1,83366584778
0,326188087463;5,16690731049;1,8387556076
0,326188087463;5,16181945801;1,83366584778
0,331275939941;5,16690731049;1,83366584778
0,326188087463;5,16690731049;1,8387556076
0,326188087463;5,16181945801;1,83366584778
0,331275939941;5,16690731049;1,83366584778
0,326188087463;5,16690731049;1,83366584778
0,326188087463;5,16690731049;1,83366584778
0,321100234985;5,16690731049;1,83366584778
0,326188087463;5,15673160553;1,83366584778
0,326188087463;5,15673160553;1,83366584778
0,326188087463;5,16181945801;1,83366584778
0,326188087463;5,16181945801;1,83366584778
0,326188087463;5,16690731049;1,8387556076
0,331275939941;5,16181945801;1,83366584778
0,326188087463;5,16181945801;1,83366584778
0,331275939941;5,16181945801;1,83366584778
0,331275939941;5,16690731049;1,83366584778
0,326188087463;5,16181945801;1,8387556076
0,331275939941;5,16181945801;1,8387556076
0,326188087463;5,16181945801;1,83366584778
0,326188087463;5,16690731049;1,83366584778
0,326188087463;5,16181945801;1,83366584778
0,326188087463;5,16181945801;1,83366584778
0,326188087463;5,16181945801;1,83366584778
0,326188087463;5,16181945801;1,83366584778
0,326188087463;5,16690731049;1,83366584778
0,326188087463;5,16181945801;1,83366584778
0,321100234985;5,16181945801;1,83366584778
0,331275939941;5,16690731049;1,83366584778
0,326188087463;5,16690731049;1,8387556076
0,326188087463;5,16690731049;1,8387556076
0,331275939941;5,16690731049;1,83366584778
0,326188087463;5,16690731049;1,83366584778
0,326188087463;5,16181945801;1,83366584778
0,326188087463;5,16181945801;1,83366584778
0,331275939941;5,16690731049;1,8387556076
0,331275939941;5,16690731049;1,83366584778
0,331275939941;5,16690731049;1,83366584778
0,326188087463;5,16690731049;1,8387556076
0,326188087463;5,15673160553;1,83366584778
0,326188087463;5,16181945801;1,83366584778
0,326188087463;5,16181945801;1,8387556076
0,326188087463;5,16181945801;1,8387556076
0,331275939941;5,16181945801;1,83366584778
0,326188087463;5,16181945801;1,8387556076
0,331275939941;5,16181945801;1,83366584778
0,326188087463;5,16181945801;1,83366584778
0,331275939941;5,16690731049;1,8387556076
0,326188087463;5,16181945801;1,8387556076
0,326188087463;5,16181945801;1,83366584778
0,331275939941;5,15673160553;1,8387556076
0,326188087463;5,15673160553;1,83366584778
0,326188087463;5,16181945801;1,8387556076
0,326188087463;5,16181945801;1,83366584778
0,326188087463;5,16181945801;1,83366584778
0,326188087463;5,16690731049;1,83366584778
0,326188087463;5,16690731049;1,8387556076
0,331275939941;5,16181945801;1,83366584778
0,321100234985;5,16181945801;1,8387556076
0,326188087463;5,15673160553;1,83366584778
0,326188087463;5,16181945801;1,83366584778
0,326188087463;5,16181945801;1,83366584778
0,326188087463;5,16181945801;1,83366584778
0,326188087463;5,16181945801;1,83366584778
0,326188087463;5,16690731049;1,83366584778
0,326188087463;5,16181945801;1,8387556076
0,331275939941;5,16690731049;1,8387556076
0,326188087463;5,16181945801;1,8387556076
0,331275939941;5,16181945801;1,83366584778
0,326188087463;5,16690731049;1,83366584778
0,331275939941;5,16690731049;1,8387556076
0,326188087463;5,16181945801;1,83366584778
0,326188087463;5,16690731049;1,83366584778
0,326188087463;5,16181945801;1,83366584778
0,331275939941;5,16181945801;1,8387556076
0,326188087463;5,16181945801;1,8387556076
0,326188087463;5,16181945801;1,83366584778
0,326188087463;5,16181945801;1,8387556076
0,326188087463;5,16690731049;1,83366584778
0,331275939941;5,16181945801;1,83366584778
0,326188087463;5,16181945801;1,83366584778
0,326188087463;5,16181945801;1,83366584778
0,326188087463;5,16690731049;1,8387556076
0,321100234985;5,16181945801;1,83366584778
0,326188087463;5,16690731049;1,8387556076
0,326188087463;5,16690731049;1,83366584778
0,326188087463;5,16181945801;1,83366584778
0,326188087463;5,16181945801;1,8387556076
0,326188087463;5,16690731049;1,83366584778
0,326188087463;5,16181945801;1,8387556076
0,326188087463;5,16690731049;1,8387556076
0,331275939941;5,16181945801;1,8387556076
0,326188087463;5,16181945801;1,8387556076
0,326188087463;5,16181945801;1,83366584778
0,326188087463;5,16181945801;1,8387556076
0,331275939941;5,16690731049;1,83366584778
0,326188087463;5,16181945801;1,83366584778
0,326188087463;5,16181945801;1,8387556076
0,326188087463;5,16690731049;1,83366584778
0,326188087463;5,16181945801;1,8387556076
0,326188087463;5,16690731049;1,83366584778
0,331275939941;5,16181945801;1,83366584778
0,326188087463;5,16690731049;1,83366584778
0,331275939941;5,16690731049;1,83366584778
0,326188087463;5,16181945801;1,83366584778
0,326188087463;5,16690731049;1,83366584778
0,326188087463;5,16181945801;1,8387556076
0,326188087463;5,16181945801;1,8387556076
0,326188087463;5,16181945801;1,83366584778
0,326188087463;5,15673160553;1,83366584778
0,326188087463;5,16181945801;1,8387556076
0,331275939941;5,16690731049;1,83366584778
0,326188087463;5,17199516296;1,83366584778
0,331275939941;5,16690731049;1,8387556076
0,326188087463;5,16181945801;1,83366584778
0,326188087463;5,16181945801;1,83366584778
0,331275939941;5,16181945801;1,83366584778
0,326188087463;5,16690731049;1,83366584778
0,326188087463;5,16181945801;1,83366584778
0,326188087463;5,16181945801;1,83366584778
0,326188087463;5,16690731049;1,8387556076
0,326188087463;5,16181945801;1,83366584778
0,326188087463;5,16181945801;1,83366584778
0,326188087463;5,16690731049;1,83366584778
0,331275939941;5,16181945801;1,83366584778
0,326188087463;5,16690731049;1,83366584778
0,331275939941;5,16181945801;1,83366584778
0,331275939941;5,16181945801;1,83366584778
0,331275939941;5,16181945801;1,83366584778
0,326188087463;5,16181945801;1,83366584778
0,326188087463;5,16690731049;1,8387556076
0,326188087463;5,16690731049;1,83366584778
0,321100234985;5,16181945801;1,8387556076
0,331275939941;5,16181945801;1,83366584778
0,326188087463;5,16181945801;1,8387556076
0,331275939941;5,16181945801;1,83366584778
0,321100234985;5,16690731049;1,83366584778
0,326188087463;5,16690731049;1,83366584778
0,326188087463;5,16690731049;1,8387556076
0,321100234985;5,16690731049;1,83366584778
0,321100234985;5,16181945801;1,8387556076
0,331275939941;5,16181945801;1,83366584778
0,326188087463;5,16181945801;1,8387556076
0,326188087463;5,16690731049;1,83366584778
0,326188087463;5,16690731049;1,8387556076
0,331275939941;5,16181945801;1,83366584778
0,326188087463;5,16181945801;1,83366584778
0,326188087463;5,16181945801;1,8387556076
0,326188087463;5,16690731049;1,8387556076
0,326188087463;5,16181945801;1,83366584778
0,326188087463;5,16181945801;1,83366584778
0,326188087463;5,16690731049;1,83366584778
0,326188087463;5,16181945801;1,8387556076
0,326188087463;5,16181945801;1,83366584778
0,331275939941;5,16181945801;1,8387556076
0,331275939941;5,16690731049;1,83366584778
0,326188087463;5,16690731049;1,83366584778
0,326188087463;5,16690731049;1,83366584778
0,326188087463;5,16690731049;1,83366584778
0,326188087463;5,16181945801;1,8387556076
0,331275939941;5,15673160553;1,83366584778
0,331275939941;5,16690731049;1,83366584778
0,326188087463;5,16181945801;1,83366584778
0,326188087463;5,16690731049;1,8387556076
0,326188087463;5,16690731049;1,8387556076
0,321100234985;5,16690731049;1,83366584778
0,326188087463;5,16181945801;1,83366584778
0,326188087463;5,16181945801;1,83366584778
0,326188087463;5,16690731049;1,83366584778
0,326188087463;5,16690731049;1,83366584778
0,326188087463;5,16181945801;1,8387556076
0,331275939941;5,16181945801;1,83366584778
0,326188087463;5,16181945801;1,8387556076
0,326188087463;5,16181945801;1,8387556076
0,326188087463;5,16181945801;1,83366584778
0,326188087463;5,16181945801;1,8387556076
0,326188087463;5,16690731049;1,8387556076
0,326188087463;5,16690731049;1,83366584778
0,326188087463;5,16690731049;1,83366584778
0,326188087463;5,16181945801;1,8387556076
0,331275939941;5,16181945801;1,83366584778
0,331275939941;5,16181945801;1,8387556076
0,326188087463;5,16181945801;1,8387556076
0,326188087463;5,16181945801;1,8387556076
0,326188087463;5,16181945801;1,83366584778
0,326188087463;5,16181945801;1,83366584778
0,326188087463;5,16690731049;1,83366584778
0,326188087463;5,16181945801;1,83366584778
0,331275939941;5,16181945801;1,8387556076
0,326188087463;5,16181945801;1,8387556076
0,326188087463;5,16181945801;1,83366584778
0,321100234985;5,16181945801;1,83366584778
0,326188087463;5,16181945801;1,83366584778
0,326188087463;5,16181945801;1,83366584778
0,326188087463;5,16181945801;1,8387556076
0,326188087463;5,16690731049;1,83366584778
0,326188087463;5,16181945801;1,83366584778
0,321100234985;5,16690731049;1,8387556076
0,326188087463;5,16690731049;1,8387556076
0,326188087463;5,15673160553;1,83366584778
0,326188087463;5,16181945801;1,8387556076
0,321100234985;5,16181945801;1,83366584778
0,326188087463;5,16181945801;1,83366584778
0,326188087463;5,16181945801;1,83366584778
0,321100234985;5,16181945801;1,83366584778
0,326188087463;5,16181945801;1,83366584778
0,326188087463;5,15673160553;1,83366584778
0,326188087463;5,16690731049;1,83366584778
0,326188087463;5,16181945801;1,83366584778
0,331275939941;5,16181945801;1,8387556076
0,326188087463;5,16181945801;1,8387556076
0,326188087463;5,16181945801;1,8387556076
0,326188087463;5,16181945801;1,83366584778
0,326188087463;5,16181945801;1,83366584778
0,326188087463;5,16181945801;1,8387556076
0,331275939941;5,16181945801;1,8387556076
0,326188087463;5,16181945801;1,8387556076
0,326188087463;5,16181945801;1,83366584778
0,331275939941;5,16181945801;1,83366584778
0,326188087463;5,16690731049;1,83366584778
0,326188087463;5,16181945801;1,83366584778
0,326188087463;5,15673160553;1,83366584778
0,326188087463;5,16181945801;1,8387556076
0,321100234985;5,16181945801;1,8387556076
0,321100234985;5,16181945801;1,83366584778
0,331275939941;5,16181945801;1,83366584778
0,326188087463;5,16690731049;1,8387556076
0,326188087463;5,16181945801;1,8387556076
0,326188087463;5,16181945801;1,83366584778
0,326188087463;5,16181945801;1,83366584778
0,326188087463;5,16181945801;1,8387556076
0,326188087463;5,16181945801;1,83366584778
0,326188087463;5,16181945801;1,8387556076
0,326188087463;5,16690731049;1,83366584778
0,326188087463;5,16181945801;1,83366584778
0,326188087463;5,16181945801;1,8387556076
0,326188087463;5,16181945801;1,83366584778
0,321100234985;5,16690731049;1,83366584778
0,321100234985;5,16690731049;1,8387556076
0,326188087463;5,16181945801;1,83366584778
0,326188087463;5,16690731049;1,83366584778
0,321100234985;5,16181945801;1,83366584778
0,326188087463;5,16181945801;1,83366584778
0,326188087463;5,16690731049;1,83366584778
0,326188087463;5,16181945801;1,8387556076
0,326188087463;5,16181945801;1,8387556076
0,326188087463;5,16181945801;1,83366584778
0,321100234985;5,16181945801;1,83366584778
0,326188087463;5,16690731049;1,83366584778
0,326188087463;5,16181945801;1,8387556076
0,326188087463;5,16181945801;1,8387556076
0,326188087463;5,16690731049;1,8387556076
0,326188087463;5,16690731049;1,8387556076
0,326188087463;5,16181945801;1,8387556076
0,326188087463;5,16690731049;1,8387556076
0,326188087463;5,16181945801;1,83366584778
0,326188087463;5,16690731049;1,8387556076
0,326188087463;5,16181945801;1,8387556076
0,326188087463;5,16181945801;1,8387556076
0,326188087463;5,16690731049;1,83366584778
0,326188087463;5,16181945801;1,83366584778
0,326188087463;5,16181945801;1,83366584778
0,326188087463;5,16690731049;1,83366584778
0,326188087463;5,16181945801;1,8387556076
0,326188087463;5,16181945801;1,8387556076
0,326188087463;5,16181945801;1,83366584778
0,326188087463;5,16181945801;1,8387556076
0,326188087463;5,16181945801;1,83366584778
0,326188087463;5,16181945801;1,83366584778
0,326188087463;5,16181945801;1,83366584778
0,326188087463;5,16690731049;1,83366584778
0,326188087463;5,16181945801;1,83366584778
0,326188087463;5,16690731049;1,83366584778
0,326188087463;5,16690731049;1,8387556076
0,331275939941;5,16690731049;1,8387556076
0,326188087463;5,16181945801;1,83366584778
0,326188087463;5,16181945801;1,83366584778
0,326188087463;5,16181945801;1,83366584778
0,326188087463;5,16690731049;1,83366584778
0,326188087463;5,16181945801;1,83366584778
0,326188087463;5,16181945801;1,8387556076
0,326188087463;5,16181945801;1,8387556076
0,321100234985;5,16181945801;1,8387556076
0,326188087463;5,16181945801;1,83366584778
0,326188087463;5,16181945801;1,83366584778
0,326188087463;5,16181945801;1,83366584778
0,326188087463;5,16181945801;1,83366584778
0,326188087463;5,16181945801;1,83366584778
0,326188087463;5,16690731049;1,83366584778
0,326188087463;5,16181945801;1,83366584778
0,331275939941;5,16181945801;1,8387556076
0,331275939941;5,16181945801;1,83366584778
0,326188087463;5,16181945801;1,83366584778
0,326188087463;5,16181945801;1,83366584778
0,326188087463;5,16181945801;1,83366584778
0,326188087463;5,16181945801;1,83366584778
0,326188087463;5,16181945801;1,83366584778
0,326188087463;5,16181945801;1,8387556076
0,326188087463;5,16690731049;1,83366584778
0,326188087463;5,16181945801;1,83366584778
0,321100234985;5,16181945801;1,83366584778
0,326188087463;5,16181945801;1,8387556076
0,326188087463;5,16181945801;1,8387556076
0,326188087463;5,16181945801;1,83366584778
0,326188087463;5,16690731049;1,8387556076
0,331275939941;5,16181945801;1,83366584778
0,326188087463;5,16690731049;1,83366584778
0,326188087463;5,16181945801;1,83366584778
0,326188087463;5,16690731049;1,83366584778
0,326188087463;5,16690731049;1,83366584778
0,326188087463;5,16181945801;1,83366584778
0,326188087463;5,16690731049;1,83366584778
0,326188087463;5,16181945801;1,8387556076
0,326188087463;5,16181945801;1,8387556076
0,326188087463;5,16690731049;1,8387556076
0,326188087463;5,16181945801;1,8387556076
0,326188087463;5,16181945801;1,83366584778
0,326188087463;5,16181945801;1,83366584778
0,326188087463;5,16181945801;1,83366584778
0,321100234985;5,16181945801;1,83366584778
0,326188087463;5,16690731049;1,83366584778
0,331275939941;5,16181945801;1,8387556076
0,326188087463;5,16181945801;1,8387556076
0,326188087463;5,15673160553;1,8387556076
0,326188087463;5,16181945801;1,83366584778
0,331275939941;5,16690731049;1,83366584778
0,326188087463;5,16690731049;1,8387556076
0,326188087463;5,16690731049;1,8387556076
0,326188087463;5,16181945801;1,83366584778
0,326188087463;5,16690731049;1,83366584778
0,326188087463;5,16181945801;1,83366584778
0,326188087463;5,16690731049;1,83366584778
0,326188087463;5,16181945801;1,83366584778
0,331275939941;5,16690731049;1,83366584778
0,326188087463;5,16181945801;1,8387556076
0,326188087463;5,16690731049;1,8387556076
0,326188087463;5,16181945801;1,83366584778
0,321100234985;5,16690731049;1,8387556076
0,326188087463;5,16181945801;1,8387556076
0,326188087463;5,16181945801;1,83366584778
0,326188087463;5,16181945801;1,83366584778
0,326188087463;5,16181945801;1,83366584778
0,326188087463;5,16181945801;1,8387556076
0,326188087463;5,16181945801;1,83366584778
0,326188087463;5,16690731049;1,8387556076
0,326188087463;5,16181945801;1,8387556076
0,326188087463;5,16181945801;1,8387556076
0,331275939941;5,16181945801;1,8387556076
0,331275939941;5,16690731049;1,83366584778
0,326188087463;5,16181945801;1,83366584778
0,331275939941;5,16181945801;1,83366584778
0,321100234985;5,16690731049;1,83366584778
0,331275939941;5,16181945801;1,8387556076
0,326188087463;5,16181945801;1,8387556076
0,326188087463;5,16181945801;1,83366584778
0,331275939941;5,16690731049;1,83366584778
0,321100234985;5,16690731049;1,83366584778
0,326188087463;5,16690731049;1,8387556076
0,326188087463;5,16181945801;1,83366584778
0,326188087463;5,16181945801;1,83366584778
0,326188087463;5,16181945801;1,83366584778
0,326188087463;5,16690731049;1,8387556076
0,321100234985;5,16181945801;1,83366584778
0,326188087463;5,16181945801;1,8387556076
0,326188087463;5,16181945801;1,8387556076
0,326188087463;5,16690731049;1,83366584778
0,326188087463;5,16181945801;1,83366584778
0,326188087463;5,16181945801;1,83366584778
0,326188087463;5,16181945801;1,8387556076
0,326188087463;5,16181945801;1,83366584778
0,326188087463;5,16181945801;1,83366584778
0,321100234985;5,16181945801;1,83366584778
0,326188087463;5,16181945801;1,83366584778
0,326188087463;5,16690731049;1,83366584778
0,326188087463;5,16181945801;1,83366584778
0,326188087463;5,16690731049;1,83366584778
0,326188087463;5,16181945801;1,83366584778
0,326188087463;5,16181945801;1,83366584778
0,326188087463;5,16181945801;1,83366584778
0,326188087463;5,16181945801;1,8387556076
0,326188087463;5,16181945801;1,83366584778
0,326188087463;5,16181945801;1,83366584778
0,326188087463;5,16690731049;1,8387556076
0,326188087463;5,16181945801;1,8387556076
0,321100234985;5,16181945801;1,83366584778
0,331275939941;5,16181945801;1,83366584778
0,326188087463;5,16181945801;1,83366584778
0,326188087463;5,16181945801;1,83366584778
0,326188087463;5,16181945801;1,83366584778
0,326188087463;5,16181945801;1,83366584778
0,326188087463;5,16181945801;1,83366584778
0,326188087463;5,16181945801;1,83366584778
0,326188087463;5,16690731049;1,83366584778
0,331275939941;5,16690731049;1,8387556076
0,326188087463;5,16181945801;1,83366584778
0,326188087463;5,16181945801;1,8387556076
0,326188087463;5,16181945801;1,83366584778
0,326188087463;5,16181945801;1,8387556076
0,326188087463;5,16181945801;1,8387556076
0,321100234985;5,16690731049;1,83366584778
0,326188087463;5,16690731049;1,83366584778
0,326188087463;5,16181945801;1,83366584778
0,326188087463;5,16181945801;1,83366584778
0,326188087463;5,16690731049;1,8387556076
0,326188087463;5,16690731049;1,83366584778
0,326188087463;5,16690731049;1,83366584778
0,331275939941;5,16181945801;1,8387556076
0,326188087463;5,16181945801;1,83366584778
0,326188087463;5,16181945801;1,83366584778
0,326188087463;5,15673160553;1,83366584778
0,326188087463;5,15673160553;1,8387556076
0,326188087463;5,16181945801;1,83366584778
0,326188087463;5,16181945801;1,83366584778
0,331275939941;5,16181945801;1,8387556076
0,326188087463;5,16181945801;1,83366584778
0,326188087463;5,16690731049;1,8387556076
0,321100234985;5,15673160553;1,83366584778
0,326188087463;5,16181945801;1,8387556076
0,331275939941;5,16690731049;1,83366584778
0,321100234985;5,16181945801;1,83366584778
0,326188087463;5,16690731049;1,83366584778
0,326188087463;5,16690731049;1,8387556076
0,321100234985;5,16181945801;1,8387556076
0,326188087463;5,16690731049;1,83366584778
0,326188087463;5,16690731049;1,83366584778
0,326188087463;5,16690731049;1,83366584778
0,331275939941;5,16181945801;1,8387556076
0,326188087463;5,16181945801;1,83366584778
0,326188087463;5,16181945801;1,83366584778
0,326188087463;5,16690731049;1,8387556076
0,326188087463;5,16690731049;1,83366584778
0,326188087463;5,16181945801;1,8387556076
0,326188087463;5,15673160553;1,83366584778
0,326188087463;5,16690731049;1,83366584778
0,326188087463;5,16181945801;1,83366584778
0,331275939941;5,16181945801;1,83366584778
0,326188087463;5,16181945801;1,83366584778
0,326188087463;5,16181945801;1,83366584778
0,321100234985;5,15673160553;1,8387556076
0,326188087463;5,16181945801;1,83366584778
0,326188087463;5,15673160553;1,83366584778
0,326188087463;5,16181945801;1,83366584778
0,326188087463;5,16690731049;1,83366584778
0,326188087463;5,16181945801;1,83366584778
0,321100234985;5,16690731049;1,83366584778
0,326188087463;5,16181945801;1,8387556076
0,326188087463;5,16181945801;1,8387556076
0,326188087463;5,16181945801;1,83366584778
0,326188087463;5,16181945801;1,8387556076
0,326188087463;5,16690731049;1,83366584778
0,326188087463;5,16181945801;1,83366584778
0,321100234985;5,16181945801;1,83366584778
0,326188087463;5,16181945801;1,83366584778
0,326188087463;5,16181945801;1,83366584778
0,326188087463;5,16181945801;1,83366584778
0,326188087463;5,16690731049;1,83366584778
0,326188087463;5,16690731049;1,83366584778
0,326188087463;5,16181945801;1,83366584778
0,326188087463;5,16181945801;1,8387556076
0,326188087463;5,16181945801;1,83366584778
0,326188087463;5,16181945801;1,83366584778
0,326188087463;5,16690731049;1,83366584778
0,326188087463;5,16690731049;1,8387556076
0,326188087463;5,16181945801;1,8387556076
0,326188087463;5,16690731049;1,83366584778
0,326188087463;5,16181945801;1,83366584778
0,331275939941;5,16690731049;1,83366584778
0,326188087463;5,16690731049;1,8387556076
0,326188087463;5,16181945801;1,83366584778
0,321100234985;5,16690731049;1,8387556076
0,326188087463;5,16181945801;1,83366584778
0,326188087463;5,16181945801;1,83366584778
0,331275939941;5,16690731049;1,8387556076
0,326188087463;5,16181945801;1,83366584778
0,326188087463;5,16690731049;1,83366584778
0,326188087463;5,16181945801;1,8387556076
0,326188087463;5,16181945801;1,83366584778
0,321100234985;5,16181945801;1,8387556076
0,326188087463;5,16181945801;1,8387556076
0,326188087463;5,16181945801;1,8387556076
0,326188087463;5,15673160553;1,83366584778
0,326188087463;5,16690731049;1,83366584778
0,326188087463;5,16690731049;1,83366584778
0,326188087463;5,16690731049;1,8387556076
0,326188087463;5,16181945801;1,83366584778
0,326188087463;5,16181945801;1,83366584778
0,326188087463;5,16181945801;1,83366584778
0,321100234985;5,16690731049;1,83366584778
0,321100234985;5,16181945801;1,8387556076
0,326188087463;5,15673160553;1,8387556076
0,326188087463;5,16690731049;1,83366584778
0,326188087463;5,16690731049;1,83366584778
0,326188087463;5,16181945801;1,83366584778
0,326188087463;5,16690731049;1,83366584778
0,326188087463;5,16181945801;1,83366584778
0,326188087463;5,16690731049;1,83366584778
0,326188087463;5,16690731049;1,83366584778
0,326188087463;5,16181945801;1,83366584778
0,326188087463;5,16690731049;1,83366584778
0,326188087463;5,16181945801;1,83366584778
0,326188087463;5,16181945801;1,83366584778
0,326188087463;5,16690731049;1,83366584778
0,326188087463;5,16690731049;1,83366584778
0,326188087463;5,16690731049;1,8387556076
0,326188087463;5,16181945801;1,83366584778
0,331275939941;5,16181945801;1,83366584778
0,326188087463;5,16181945801;1,83366584778
0,326188087463;5,16181945801;1,8387556076
0,326188087463;5,16181945801;1,83366584778
0,326188087463;5,16181945801;1,8387556076
0,326188087463;5,16690731049;1,83366584778
0,326188087463;5,16181945801;1,8387556076
0,326188087463;5,16181945801;1,8387556076
0,326188087463;5,16181945801;1,83366584778
0,326188087463;5,15673160553;1,8387556076
0,331275939941;5,16690731049;1,83366584778
0,326188087463;5,16690731049;1,83366584778
0,321100234985;5,16181945801;1,8387556076
0,326188087463;5,16181945801;1,8387556076
0,326188087463;5,16181945801;1,83366584778
0,326188087463;5,16690731049;1,8387556076
0,326188087463;5,16181945801;1,83366584778
0,326188087463;5,16690731049;1,8387556076
0,321100234985;5,16690731049;1,83366584778
0,326188087463;5,16181945801;1,83366584778
0,326188087463;5,16181945801;1,83366584778
0,326188087463;5,16181945801;1,83366584778
0,326188087463;5,16181945801;1,83366584778
0,326188087463;5,16181945801;1,83366584778
0,326188087463;5,16181945801;1,83366584778
0,326188087463;5,16181945801;1,8387556076
0,326188087463;5,16181945801;1,83366584778
0,326188087463;5,16690731049;1,83366584778
0,326188087463;5,16181945801;1,83366584778
0,326188087463;5,16690731049;1,83366584778
0,326188087463;5,16690731049;1,8387556076
0,326188087463;5,16690731049;1,8387556076
0,326188087463;5,16181945801;1,83366584778
0,321100234985;5,16181945801;1,83366584778
0,326188087463;5,16181945801;1,8387556076
0,326188087463;5,16181945801;1,83366584778
0,321100234985;5,16181945801;1,8387556076
0,326188087463;5,16690731049;1,83366584778
0,326188087463;5,16181945801;1,8387556076
0,321100234985;5,16181945801;1,83366584778
0,326188087463;5,16690731049;1,83366584778
0,326188087463;5,16181945801;1,83366584778
0,326188087463;5,16181945801;1,8387556076
0,321100234985;5,16181945801;1,83366584778
0,326188087463;5,16181945801;1,8387556076
0,326188087463;5,16181945801;1,83366584778
0,326188087463;5,16690731049;1,83366584778
0,321100234985;5,16690731049;1,83366584778
0,331275939941;5,16690731049;1,83366584778
0,326188087463;5,16690731049;1,83366584778
0,326188087463;5,16690731049;1,83366584778
0,321100234985;5,16181945801;1,83366584778
0,326188087463;5,16181945801;1,8387556076
0,326188087463;5,16690731049;1,83366584778
0,326188087463;5,16181945801;1,8387556076
0,326188087463;5,16690731049;1,8387556076
0,326188087463;5,16181945801;1,83366584778
0,326188087463;5,16181945801;1,8387556076
0,326188087463;5,16690731049;1,83366584778
0,326188087463;5,16181945801;1,83366584778
0,326188087463;5,16181945801;1,83366584778
0,326188087463;5,16181945801;1,83366584778
0,326188087463;5,16690731049;1,83366584778
0,321100234985;5,16690731049;1,83366584778
0,326188087463;5,16690731049;1,83366584778
0,326188087463;5,15673160553;1,83366584778
0,326188087463;5,16690731049;1,83366584778
0,326188087463;5,16181945801;1,83366584778
0,326188087463;5,16690731049;1,8387556076
0,326188087463;5,16181945801;1,83366584778
0,326188087463;5,16181945801;1,8387556076
0,326188087463;5,16181945801;1,83366584778
0,326188087463;5,16181945801;1,8387556076
0,326188087463;5,16181945801;1,83366584778
0,326188087463;5,16181945801;1,83366584778
0,326188087463;5,16181945801;1,8387556076
0,326188087463;5,16690731049;1,8387556076
0,326188087463;5,16181945801;1,83366584778
0,326188087463;5,16690731049;1,8387556076
0,331275939941;5,16181945801;1,83366584778
0,326188087463;5,16181945801;1,83366584778
0,326188087463;5,16181945801;1,83366584778
0,321100234985;5,16690731049;1,83366584778
0,326188087463;5,16181945801;1,83366584778
0,326188087463;5,16181945801;1,83366584778
0,326188087463;5,16690731049;1,8387556076
0,326188087463;5,16181945801;1,83366584778
0,326188087463;5,16181945801;1,83366584778
0,326188087463;5,16690731049;1,8387556076
0,326188087463;5,16690731049;1,83366584778
0,321100234985;5,16690731049;1,83366584778
0,326188087463;5,16181945801;1,8387556076
0,321100234985;5,16181945801;1,83366584778
0,331275939941;5,16181945801;1,83366584778
0,326188087463;5,16181945801;1,83366584778
0,326188087463;5,16181945801;1,83366584778
0,321100234985;5,16181945801;1,83366584778
0,326188087463;5,16690731049;1,83366584778
0,326188087463;5,16181945801;1,83366584778
0,326188087463;5,16181945801;1,8387556076
0,326188087463;5,16690731049;1,83366584778
0,326188087463;5,16181945801;1,8387556076
0,326188087463;5,16181945801;1,83366584778
0,326188087463;5,16690731049;1,8387556076
0,326188087463;5,16181945801;1,8387556076
0,326188087463;5,16181945801;1,83366584778
0,326188087463;5,16181945801;1,83366584778
0,326188087463;5,16181945801;1,8387556076
0,326188087463;5,17199516296;1,83366584778
0,321100234985;5,16690731049;1,83366584778
0,326188087463;5,16181945801;1,8387556076
0,326188087463;5,16181945801;1,83366584778
0,326188087463;5,16690731049;1,8387556076
0,326188087463;5,16690731049;1,8387556076
0,321100234985;5,16690731049;1,83366584778
0,326188087463;5,16181945801;1,8387556076
0,326188087463;5,16181945801;1,83366584778
0,326188087463;5,15673160553;1,83366584778
0,326188087463;5,16181945801;1,83366584778
0,326188087463;5,16181945801;1,83366584778
0,326188087463;5,16181945801;1,8387556076
0,326188087463;5,16690731049;1,83366584778
0,321100234985;5,16181945801;1,83366584778
0,326188087463;5,16690731049;1,8387556076
0,326188087463;5,16690731049;1,8387556076
0,331275939941;5,16181945801;1,83366584778
0,326188087463;5,16181945801;1,83366584778
0,326188087463;5,16181945801;1,83366584778
0,326188087463;5,16690731049;1,83366584778
0,326188087463;5,16181945801;1,83366584778
0,321100234985;5,16181945801;1,83366584778
0,331275939941;5,16181945801;1,83366584778
0,326188087463;5,16181945801;1,83366584778
0,326188087463;5,16690731049;1,83366584778
0,326188087463;5,16181945801;1,8387556076
0,326188087463;5,16181945801;1,83366584778
0,321100234985;5,16181945801;1,83366584778
0,326188087463;5,16181945801;1,83366584778
0,331275939941;5,16181945801;1,83366584778
0,326188087463;5,16181945801;1,83366584778
0,326188087463;5,16181945801;1,83366584778
0,326188087463;5,16690731049;1,83366584778
0,326188087463;5,16181945801;1,8387556076
0,321100234985;5,16690731049;1,83366584778
0,321100234985;5,16181945801;1,83366584778
0,326188087463;5,16181945801;1,8387556076
0,326188087463;5,16690731049;1,83366584778
0,326188087463;5,16690731049;1,83366584778
0,326188087463;5,16181945801;1,8387556076
0,326188087463;5,16181945801;1,83366584778
0,326188087463;5,16181945801;1,83366584778
0,331275939941;5,16181945801;1,8387556076
0,326188087463;5,16690731049;1,8387556076
0,326188087463;5,16690731049;1,83366584778
0,326188087463;5,16690731049;1,8387556076
0,321100234985;5,16181945801;1,83366584778
0,326188087463;5,16181945801;1,83366584778
0,326188087463;5,16181945801;1,83366584778
0,326188087463;5,16690731049;1,83366584778
0,331275939941;5,16690731049;1,83366584778
0,326188087463;5,16181945801;1,8387556076
0,326188087463;5,16181945801;1,8387556076
0,326188087463;5,16181945801;1,8387556076
0,326188087463;5,16181945801;1,8387556076
0,326188087463;5,16181945801;1,83366584778
0,326188087463;5,16181945801;1,8387556076
0,326188087463;5,16690731049;1,8387556076
0,321100234985;5,16690731049;1,83366584778
0,326188087463;5,16181945801;1,83366584778
0,326188087463;5,16181945801;1,8387556076
0,331275939941;5,16181945801;1,83366584778
0,326188087463;5,16181945801;1,83366584778
0,326188087463;5,16181945801;1,8387556076
0,326188087463;5,16181945801;1,83366584778
0,326188087463;5,16690731049;1,83366584778
0,326188087463;5,16690731049;1,83366584778
0,326188087463;5,16690731049;1,8387556076
0,326188087463;5,16181945801;1,8387556076
0,326188087463;5,16181945801;1,83366584778
0,321100234985;5,16690731049;1,8387556076
0,326188087463;5,16181945801;1,8387556076
0,326188087463;5,16181945801;1,83366584778
0,326188087463;5,16181945801;1,83366584778
0,321100234985;5,16181945801;1,83366584778
0,326188087463;5,16181945801;1,8387556076
0,326188087463;5,16181945801;1,8387556076
0,326188087463;5,16181945801;1,83366584778
0,321100234985;5,16181945801;1,8387556076
0,326188087463;5,16690731049;1,83366584778
0,326188087463;5,16181945801;1,8387556076
0,326188087463;5,16181945801;1,83366584778
0,326188087463;5,16181945801;1,8387556076
0,326188087463;5,16181945801;1,83366584778
0,326188087463;5,16181945801;1,83366584778
0,321100234985;5,16690731049;1,83366584778
0,326188087463;5,15673160553;1,83366584778
0,326188087463;5,16181945801;1,83366584778
0,326188087463;5,16181945801;1,83366584778
0,326188087463;5,16181945801;1,83366584778
0,326188087463;5,16181945801;1,83366584778
0,326188087463;5,16690731049;1,83366584778
0,326188087463;5,16690731049;1,8387556076
0,326188087463;5,16690731049;1,83366584778
0,326188087463;5,16181945801;1,83366584778
0,326188087463;5,16181945801;1,83366584778
0,326188087463;5,16181945801;1,83366584778
0,326188087463;5,16181945801;1,83366584778
0,326188087463;5,16181945801;1,83366584778
0,326188087463;5,16690731049;1,83366584778
0,326188087463;5,16690731049;1,8387556076
0,326188087463;5,16690731049;1,83366584778
0,326188087463;5,16181945801;1,8387556076
0,326188087463;5,16181945801;1,83366584778
0,326188087463;5,16690731049;1,83366584778
0,321100234985;5,16181945801;1,83366584778
0,326188087463;5,16181945801;1,8387556076
0,326188087463;5,16181945801;1,83366584778
0,326188087463;5,16181945801;1,83366584778
0,326188087463;5,16181945801;1,83366584778
0,326188087463;5,16181945801;1,83366584778
0,321100234985;5,16690731049;1,8387556076
0,326188087463;5,16690731049;1,8387556076
0,326188087463;5,16181945801;1,83366584778
0,321100234985;5,16690731049;1,8387556076
0,326188087463;5,16181945801;1,83366584778
0,326188087463;5,16181945801;1,83366584778
0,326188087463;5,16181945801;1,83366584778
0,326188087463;5,16181945801;1,83366584778
0,326188087463;5,16181945801;1,83366584778
0,321100234985;5,16181945801;1,83366584778
0,326188087463;5,16181945801;1,83366584778
0,326188087463;5,16181945801;1,8387556076
0,326188087463;5,16690731049;1,83366584778
0,326188087463;5,16690731049;1,83366584778
0,326188087463;5,16181945801;1,83366584778
0,326188087463;5,16181945801;1,83366584778
0,321100234985;5,16181945801;1,83366584778
0,326188087463;5,16181945801;1,83366584778
0,326188087463;5,16181945801;1,8387556076
0,326188087463;5,16690731049;1,83366584778
0,326188087463;5,16181945801;1,8387556076
0,321100234985;5,16181945801;1,8387556076
0,326188087463;5,16690731049;1,83366584778
0,326188087463;5,16181945801;1,83366584778
0,326188087463;5,16181945801;1,83366584778
0,326188087463;5,16181945801;1,83366584778
0,326188087463;5,16690731049;1,83366584778
0,326188087463;5,16181945801;1,8387556076
0,321100234985;5,16690731049;1,83366584778
0,326188087463;5,16181945801;1,83366584778
0,331275939941;5,16690731049;1,83366584778
0,326188087463;5,16181945801;1,83366584778
0,326188087463;5,16181945801;1,83366584778
0,326188087463;5,16690731049;1,83366584778
0,326188087463;5,16181945801;1,83366584778
0,326188087463;5,17199516296;1,8387556076
0,326188087463;5,16181945801;1,8387556076
0,326188087463;5,16181945801;1,83366584778
0,326188087463;5,16690731049;1,83366584778
0,326188087463;5,16690731049;1,83366584778
0,326188087463;5,16181945801;1,8387556076
0,326188087463;5,16181945801;1,8387556076
0,321100234985;5,16181945801;1,83366584778
0,321100234985;5,16181945801;1,83366584778
0,326188087463;5,16181945801;1,83366584778
0,326188087463;5,16690731049;1,83366584778
0,326188087463;5,16181945801;1,83366584778
0,321100234985;5,16181945801;1,83366584778
0,321100234985;5,16181945801;1,8387556076
0,321100234985;5,16181945801;1,83366584778
0,326188087463;5,16181945801;1,8387556076
0,326188087463;5,16181945801;1,8387556076
0,321100234985;5,16181945801;1,8387556076
0,326188087463;5,16181945801;1,83366584778
0,326188087463;5,16181945801;1,83366584778
0,326188087463;5,16181945801;1,83366584778
0,326188087463;5,16181945801;1,83366584778
0,326188087463;5,16181945801;1,83366584778
0,326188087463;5,16181945801;1,83366584778
0,326188087463;5,16181945801;1,83366584778
0,321100234985;5,16690731049;1,83366584778
0,326188087463;5,16181945801;1,83366584778
0,321100234985;5,16181945801;1,83366584778
0,331275939941;5,16181945801;1,83366584778
0,321100234985;5,16181945801;1,83366584778
0,326188087463;5,16181945801;1,8387556076
0,326188087463;5,16690731049;1,83366584778
0,326188087463;5,16690731049;1,83366584778
0,326188087463;5,16690731049;1,83366584778
0,326188087463;5,16181945801;1,83366584778
0,326188087463;5,16181945801;1,8387556076
0,326188087463;5,16181945801;1,83366584778
0,326188087463;5,16181945801;1,83366584778
0,326188087463;5,16690731049;1,83366584778
0,326188087463;5,16690731049;1,83366584778
0,326188087463;5,16181945801;1,83366584778
0,326188087463;5,16181945801;1,83366584778
0,326188087463;5,16181945801;1,83366584778
0,326188087463;5,16181945801;1,83366584778
0,321100234985;5,16690731049;1,83366584778
0,321100234985;5,16690731049;1,8387556076
0,326188087463;5,16690731049;1,83366584778
0,326188087463;5,16181945801;1,83366584778
0,326188087463;5,16181945801;1,83366584778
0,326188087463;5,16181945801;1,8387556076
0,326188087463;5,16181945801;1,8387556076
0,326188087463;5,16690731049;1,83366584778
0,326188087463;5,16181945801;1,8387556076
0,326188087463;5,16181945801;1,83366584778
0,326188087463;5,16690731049;1,83366584778
0,326188087463;5,16181945801;1,83366584778
0,326188087463;5,16181945801;1,83366584778
0,331275939941;5,16181945801;1,83366584778
0,321100234985;5,16690731049;1,83366584778
0,326188087463;5,16181945801;1,83366584778
0,321100234985;5,16181945801;1,83366584778
0,326188087463;5,16181945801;1,8387556076
0,326188087463;5,16181945801;1,83366584778
0,326188087463;5,16690731049;1,8387556076
0,321100234985;5,16181945801;1,8387556076
0,331275939941;5,16181945801;1,83366584778
0,326188087463;5,16181945801;1,83366584778
0,326188087463;5,16181945801;1,83366584778
0,326188087463;5,16181945801;1,83366584778
0,326188087463;5,16181945801;1,83366584778
0,326188087463;5,16690731049;1,83366584778
0,321100234985;5,16690731049;1,8387556076
0,326188087463;5,16690731049;1,83366584778
0,326188087463;5,16690731049;1,83366584778
0,326188087463;5,16181945801;1,8387556076
0,326188087463;5,16181945801;1,83366584778
0,326188087463;5,16181945801;1,83366584778
0,326188087463;5,16690731049;1,83366584778
0,326188087463;5,16690731049;1,83366584778
0,326188087463;5,16181945801;1,83366584778
0,326188087463;5,16690731049;1,83366584778
0,326188087463;5,16690731049;1,8387556076
0,326188087463;5,15673160553;1,8387556076
0,326188087463;5,16690731049;1,83366584778
0,326188087463;5,16690731049;1,83366584778
0,326188087463;5,16181945801;1,8387556076
0,326188087463;5,16181945801;1,83366584778
0,326188087463;5,16181945801;1,83366584778
0,326188087463;5,15673160553;1,83366584778
0,321100234985;5,16181945801;1,83366584778
0,326188087463;5,16181945801;1,83366584778
0,326188087463;5,16181945801;1,8387556076
0,326188087463;5,16181945801;1,8387556076
0,321100234985;5,16690731049;1,83366584778
0,326188087463;5,16181945801;1,83366584778
0,326188087463;5,16181945801;1,83366584778
0,326188087463;5,16181945801;1,83366584778
0,326188087463;5,16690731049;1,83366584778
0,326188087463;5,16690731049;1,8387556076
0,326188087463;5,16181945801;1,8387556076
0,326188087463;5,16181945801;1,83366584778
0,326188087463;5,16690731049;1,8387556076
0,326188087463;5,16181945801;1,83366584778
0,326188087463;5,16181945801;1,83366584778
0,326188087463;5,16181945801;1,83366584778
0,321100234985;5,16181945801;1,83366584778
0,326188087463;5,15673160553;1,8387556076
0,326188087463;5,16181945801;1,8387556076
0,326188087463;5,16181945801;1,83366584778
0,326188087463;5,16181945801;1,83366584778
0,321100234985;5,16690731049;1,83366584778
0,326188087463;5,16690731049;1,83366584778
0,326188087463;5,16690731049;1,83366584778
0,326188087463;5,16690731049;1,83366584778
0,326188087463;5,16690731049;1,83366584778
0,326188087463;5,16181945801;1,83366584778
0,326188087463;5,16181945801;1,83366584778
0,326188087463;5,16690731049;1,8387556076
0,326188087463;5,16181945801;1,83366584778
0,326188087463;5,16690731049;1,83366584778
0,326188087463;5,15673160553;1,83366584778
0,326188087463;5,16181945801;1,8387556076
0,326188087463;5,16181945801;1,83366584778
0,326188087463;5,16181945801;1,8387556076
0,326188087463;5,16690731049;1,83366584778
0,326188087463;5,16690731049;1,83366584778
0,326188087463;5,16181945801;1,8387556076
0,326188087463;5,16690731049;1,83366584778
0,321100234985;5,16181945801;1,83366584778
0,321100234985;5,16690731049;1,83366584778
0,326188087463;5,16181945801;1,83366584778
0,326188087463;5,16181945801;1,83366584778
0,326188087463;5,16690731049;1,8387556076
0,326188087463;5,16690731049;1,83366584778
0,326188087463;5,16181945801;1,8387556076
0,326188087463;5,16181945801;1,8387556076
0,326188087463;5,16181945801;1,8387556076
0,321100234985;5,16690731049;1,83366584778
0,326188087463;5,16181945801;1,83366584778
0,326188087463;5,16181945801;1,83366584778
0,326188087463;5,16181945801;1,8387556076
0,321100234985;5,16181945801;1,83366584778
0,326188087463;5,16181945801;1,83366584778
0,326188087463;5,16690731049;1,83366584778
0,326188087463;5,16181945801;1,8387556076
0,321100234985;5,16181945801;1,8387556076
0,326188087463;5,16181945801;1,8387556076
0,326188087463;5,16181945801;1,83366584778
0,321100234985;5,16690731049;1,83366584778
0,326188087463;5,16181945801;1,83366584778
0,326188087463;5,16690731049;1,8387556076
0,326188087463;5,16690731049;1,8387556076
0,326188087463;5,16181945801;1,8387556076
0,326188087463;5,16690731049;1,8387556076
0,326188087463;5,16181945801;1,83366584778
0,326188087463;5,16690731049;1,8387556076
0,326188087463;5,16181945801;1,8387556076
0,321100234985;5,16690731049;1,8387556076
0,326188087463;5,16690731049;1,83366584778
0,326188087463;5,16690731049;1,8387556076
0,326188087463;5,16181945801;1,83366584778
0,326188087463;5,16181945801;1,83366584778
0,326188087463;5,15673160553;1,83366584778
0,326188087463;5,16690731049;1,83366584778
0,321100234985;5,16181945801;1,83366584778
0,326188087463;5,16181945801;1,83366584778
0,326188087463;5,16181945801;1,83366584778
0,326188087463;5,16181945801;1,83366584778
0,326188087463;5,16181945801;1,8387556076
0,326188087463;5,16181945801;1,83366584778
0,321100234985;5,16181945801;1,83366584778
0,321100234985;5,16181945801;1,8387556076
0,326188087463;5,16181945801;1,83366584778
0,326188087463;5,16181945801;1,8387556076
0,326188087463;5,16181945801;1,83366584778
0,326188087463;5,16181945801;1,83366584778
0,321100234985;5,16690731049;1,8387556076
0,321100234985;5,16690731049;1,8387556076
0,321100234985;5,16690731049;1,8387556076
0,326188087463;5,16181945801;1,8387556076
0,331275939941;5,16690731049;1,83366584778
0,326188087463;5,16690731049;1,83366584778
0,321100234985;5,16181945801;1,83366584778
0,326188087463;5,16690731049;1,83366584778
0,326188087463;5,16181945801;1,83366584778
0,326188087463;5,16181945801;1,83366584778
0,326188087463;5,16181945801;1,83366584778
0,326188087463;5,16690731049;1,8387556076
0,326188087463;5,16181945801;1,8387556076
0,326188087463;5,16181945801;1,83366584778
0,321100234985;5,16690731049;1,83366584778
0,326188087463;5,16690731049;1,83366584778
0,326188087463;5,16181945801;1,83366584778
0,326188087463;5,15673160553;1,83366584778
0,326188087463;5,16181945801;1,83366584778
0,326188087463;5,16181945801;1,83366584778
0,326188087463;5,16690731049;1,83366584778
0,326188087463;5,16690731049;1,83366584778
0,326188087463;5,16181945801;1,8387556076
0,321100234985;5,16181945801;1,83366584778
0,326188087463;5,15673160553;1,8387556076
0,326188087463;5,16181945801;1,83366584778
0,326188087463;5,16690731049;1,83366584778
0,326188087463;5,16181945801;1,83366584778
0,326188087463;5,16690731049;1,83366584778
0,321100234985;5,15673160553;1,8387556076
0,326188087463;5,16181945801;1,83366584778
0,326188087463;5,16690731049;1,83366584778
0,331275939941;5,16181945801;1,83366584778
0,326188087463;5,16181945801;1,83366584778
0,321100234985;5,16181945801;1,83366584778
0,321100234985;5,16690731049;1,8387556076
0,326188087463;5,16181945801;1,83366584778
0,331275939941;5,16181945801;1,83366584778
0,326188087463;5,16181945801;1,83366584778
0,326188087463;5,16181945801;1,83366584778
0,326188087463;5,16690731049;1,8387556076
0,326188087463;5,16181945801;1,8387556076
0,326188087463;5,16181945801;1,83366584778
0,326188087463;5,16690731049;1,83366584778
0,326188087463;5,16181945801;1,8387556076
0,326188087463;5,16181945801;1,83366584778
0,326188087463;5,16181945801;1,8387556076
0,321100234985;5,16181945801;1,83366584778
0,321100234985;5,16181945801;1,83366584778
0,326188087463;5,16181945801;1,83366584778
0,326188087463;5,16690731049;1,83366584778
0,326188087463;5,16181945801;1,8387556076
0,326188087463;5,17199516296;1,83366584778
0,326188087463;5,16690731049;1,83366584778
0,326188087463;5,16690731049;1,8387556076
0,321100234985;5,16690731049;1,83366584778
0,331275939941;5,16181945801;1,83366584778
0,326188087463;5,16690731049;1,83366584778
0,326188087463;5,16181945801;1,8387556076
0,321100234985;5,16690731049;1,8387556076
0,326188087463;5,16181945801;1,8387556076
0,326188087463;5,16181945801;1,8387556076
0,321100234985;5,16181945801;1,83366584778
0,331275939941;5,16181945801;1,8387556076
0,326188087463;5,16181945801;1,83366584778
0,326188087463;5,16181945801;1,83366584778
0,326188087463;5,16690731049;1,83366584778
0,326188087463;5,16690731049;1,8387556076
0,321100234985;5,16181945801;1,83366584778
0,326188087463;5,16181945801;1,83366584778
0,321100234985;5,16181945801;1,8387556076
0,326188087463;5,16690731049;1,8387556076
0,326188087463;5,16181945801;1,83366584778
0,326188087463;5,16690731049;1,83366584778
0,321100234985;5,16181945801;1,83366584778
0,326188087463;5,16181945801;1,83366584778
0,326188087463;5,16181945801;1,8387556076
0,326188087463;5,16181945801;1,83366584778
0,326188087463;5,16181945801;1,83366584778
0,326188087463;5,16181945801;1,8387556076
0,321100234985;5,16690731049;1,83366584778
0,326188087463;5,16181945801;1,83366584778
0,321100234985;5,16690731049;1,83366584778
0,326188087463;5,15673160553;1,8387556076
0,326188087463;5,15673160553;1,8387556076
0,326188087463;5,16181945801;1,8387556076
0,321100234985;5,16181945801;1,83366584778
0,321100234985;5,16690731049;1,8387556076
0,326188087463;5,16181945801;1,83366584778
0,326188087463;5,16181945801;1,83366584778
0,326188087463;5,16181945801;1,8387556076
0,326188087463;5,16181945801;1,83366584778
0,326188087463;5,16181945801;1,83366584778
0,326188087463;5,16690731049;1,8387556076
0,326188087463;5,16181945801;1,83366584778
0,326188087463;5,16181945801;1,83366584778
0,326188087463;5,16181945801;1,83366584778
0,326188087463;5,16181945801;1,83366584778
0,326188087463;5,16181945801;1,83366584778
0,326188087463;5,16181945801;1,83366584778
0,326188087463;5,16181945801;1,8387556076
0,326188087463;5,16181945801;1,83366584778
0,326188087463;5,16181945801;1,83366584778
0,326188087463;5,16690731049;1,8387556076
0,326188087463;5,16181945801;1,83366584778
0,326188087463;5,16690731049;1,83366584778
0,326188087463;5,16690731049;1,83366584778
0,321100234985;5,16181945801;1,83366584778
0,326188087463;5,16181945801;1,8387556076
0,326188087463;5,16181945801;1,83366584778
0,326188087463;5,16181945801;1,83366584778
0,326188087463;5,15673160553;1,83366584778
0,326188087463;5,16181945801;1,83366584778
0,321100234985;5,16181945801;1,83366584778
0,326188087463;5,16690731049;1,8387556076
0,321100234985;5,16690731049;1,83366584778
0,326188087463;5,16181945801;1,8387556076
0,321100234985;5,16181945801;1,83366584778
0,326188087463;5,16181945801;1,8387556076
0,326188087463;5,16181945801;1,8387556076
0,326188087463;5,16181945801;1,83366584778
0,321100234985;5,15673160553;1,8387556076
0,321100234985;5,15673160553;1,83366584778
0,321100234985;5,17199516296;1,83366584778
0,326188087463;5,17199516296;1,83366584778
0,326188087463;5,16181945801;1,83366584778
0,326188087463;5,16181945801;1,8387556076
0,326188087463;5,15673160553;1,83366584778
0,326188087463;5,16181945801;1,83366584778
0,321100234985;5,16690731049;1,83366584778
0,326188087463;5,16690731049;1,83366584778
0,326188087463;5,16690731049;1,8387556076
0,321100234985;5,16690731049;1,8387556076
0,326188087463;5,16181945801;1,83366584778
0,326188087463;5,16690731049;1,83366584778
0,326188087463;5,16181945801;1,8387556076
0,326188087463;5,15673160553;1,8387556076
0,326188087463;5,16181945801;1,8387556076
0,331275939941;5,16690731049;1,8387556076
0,326188087463;5,16690731049;1,83366584778
0,326188087463;5,16181945801;1,8387556076
